<?xml version="1.0" encoding="UTF-8"?>
<project-private xmlns="http://www.netbeans.org/ns/project-private/1">
    <editor-bookmarks xmlns="http://www.netbeans.org/ns/editor-bookmarks/2" lastBookmarkId="2">
        <file>
            <url>src/Vista_Panel_Docente/Opciones/Registro_Notas.java</url>
            <bookmark id="1">
                <name/>
                <line>153</line>
                <key/>
            </bookmark>
        </file>
    </editor-bookmarks>
    <open-files xmlns="http://www.netbeans.org/ns/projectui-open-files/2">
        <group>
            <file>file:/home/kev/Documents/GIT_HUB/SISTEMA_CONTABLE_SIS/src/Log_Iin/log_in1.java</file>
        </group>
    </open-files>
</project-private>
